locationId,latitude,longitude,locationName,streetAddress,streetAddress2,cityName,admin1Code,postalCode,countryCodeISO2A
2,39.7665917,-75.3317901,Priority-Patheon Logistics,100 Berkeley Drive,Suite A,Swedesboro,NJ,8085,US
6,Medidata,350 Hudson Street,Unit A,New York City,NY,10014,US
8,Multi Packaging Solutions, 5 Fairway Dr,,Greenford,,UB6 8PW,UK
9,FEDEX/TNT,942 South Shady Grove Road,Memphis,,TN,,US
10,SAP,Dietmar-Hopp-Allee 16,69190 Walldorf,Walldorf,,69190,
12,Computacenter, Hatfield Business Park,, Hatfield,,AL10 9TW,
13,Hyundai Motor Europe GmbH,Kaiserleipromenade 5,,,,D-63067 Offenbach am Main,DE
15,Medlevensohn,RUA DOIS,QUADRA 08 LOTE 08,CIVIT 1,,29168-030,BR
20,ALD SA,1-3 Rue Eugène et Armand Peugeot,Corosa,Rueil-Malmaison,,92500,FR